[
    {
        "question_id": "1",
        "question": "我和朋友打算从深圳坐高铁去上海玩三天两晚，预算7000元，计划从2025年6月10日出发，6月12日返回。想找评分4.5以上、价格低于800元每晚的连锁酒店；想去外滩这种高评分景点，门票控制在800元以内；交通方式希望以地铁公交为主。希望游玩性价比高的景点、餐厅与酒店。",
        "code_path": "./code/id_1.py"
    },
    {
        "question_id": "2",
        "question": "我们一家三口计划从上海出发到深圳旅游四日三晚，总预算30000元，从2025年7月15日出发，7月18日返回。期望花较低的价格获得高评分的体验。想找提供早餐的住宿，价格不超3000元每晚；景点安排世界之窗、深圳湾公园；推荐沙姜猪手、私房菜，人均消费控制在120元以内；出行方式可以自由选择。",
        "code_path": "./code/id_2.py"
    },
    {
        "question_id": "3",
        "question": "我计划和朋友从成都出发去北京玩七天六晚，预算40000元，从2025年4月20日出发，4月26日返回。在游玩高品质景点的同时，尽可能降低开销。想找评分4.0以上、价格低于3000元每晚的连锁酒店；推荐故宫、白云观、天安门广场这些标志性景点，门票总价控制在800元以内；吃饭想吃地道北京菜，人均消费控制在300元以内；交通方式希望以公共交通为主。",
        "code_path": "./code/id_3.py"
    },
    {
        "question_id": "4",
        "question": "我和父母打算从北京出发去成都玩五天四晚，不限制预算，主要为了深度体验川蜀文化。计划于2025年5月1日出发，5月5日返回。想找位置好、设施齐全、评分4.8以上的高品质住宿；想去青羊宫、成都动物园、大慈寺等地；吃饭推荐地道火锅、串串香、钟水饺，排队时间尽量短；交通方式可灵活安排。想要在预算内，获得最优质的体验。",
        "code_path": "./code/id_4.py"
    },
    {
        "question_id": "5",
        "question": "我和同事计划从广州坐高铁去重庆旅行四天三晚，预算20000元，从2025年8月10日出发，8月13日返回。希望住在市中心、评分4.5以上、价格低于900元的酒店；想去洪崖洞、长江索道等地打卡；吃饭推荐本地小面、火锅店，人均消费不超300元；出行方式希望以公共交通为主。并且尽可能降低开销。",
        "code_path": "./code/id_5.py"
    },
    {
        "question_id": "6",
        "question": "一家四口计划从重庆出发前往广州玩六天五晚，不限制预算，主要想带孩子体验南方风情。打算于2025年7月20日出发，7月25日返回。希望入住提供早餐的酒店，价格不超1200元每晚；景点安排长隆、广州塔、沙面岛等；推荐粤菜馆、早茶餐厅，人均消费不超150元；交通方式可自由安排。希望获得一个最高品质的旅行体验。",
        "code_path": "./code/id_6.py"
    },
    {
        "question_id": "7",
        "question": "我计划一个人2025年06月01日从南京到杭州进行三日两晚游，需要一个高性价比的计划。想找评分4.6以上的经济型连锁酒店；想去西湖、灵隐寺、宋城等热门景点；吃饭推荐地道杭帮菜，比如楼外楼或知味观，人均消费不超200元；交通方式以地铁公交为主。",
        "code_path": "./code/id_7.py"
    },
    {
        "question_id": "8",
        "question": "我们一家四口计划从杭州出发去南京进行五日四晚深度游，不限制预算，只为体验江南文化，但我想在前往尽可能高的评价的地方的同时降低开销。打算于2025年4月18日出发，4月22日返回。希望住品质好点的酒店，价格不超1200元每晚；安排中山陵、老门东、栖霞山等知名景点；推荐地道小吃如辣子鸡、盐水鸭；交通方式灵活选择。",
        "code_path": "./code/id_8.py"
    },
    {
        "question_id": "9",
        "question": "我和朋友计划从苏州坐高铁前往武汉进行四天三晚旅行，从2025年6月5日出发，6月8日返回，并有一个高性价比的旅行计划。希望入住评分4.5以上的酒店，价格低于700元每晚；打卡黄鹤楼、东湖绿道、武汉长江大桥等地标景点；吃饭推荐热干面、武昌鱼、火锅店，人均控制在350元以内；出行方式以公共交通为主。",
        "code_path": "./code/id_9.py"
    },
    {
        "question_id": "10",
        "question": "我们夫妻两人准备从武汉出发前往苏州五日四晚浪漫之旅，不限预算，只为享受慢生活，我们的目标是尽可能前往评分高的地方。计划于2025年9月1日出发，9月5日返回。想找位置便利、评分高、含早餐的高品质住宿，价格不超1200元每晚；行程安排平江路、留园、金鸡湖等经典园林路线；吃饭推荐江苏菜与精致茶点，排队时间短；交通方式自由安排。",
        "code_path": "./code/id_10.py"
    },
    {
        "question_id": "11",
        "question": "我打算一个人从厦门出发去青岛进行 五天四晚旅行，不限制预算，但是前往高性价比的地方，从2025年7月5日出发，7月9日返回。想找评分4.6以上、价格低于800元每晚的经济型连锁酒店；打卡栈桥、八大关、崂山等经典景点，门票控制在300元以内；吃饭推荐地道海鲜、本地特色如辣炒蛤蜊、鲅鱼水饺，人均消费不超400元；交通方式以地铁公交为主。",
        "code_path": "./code/id_11.py"
    },
    {
        "question_id": "12",
        "question": "我们一家三口计划从青岛前往厦门进行六日五晚亲子游，不限制预算，只为体验海滨风情，希望通勤时间尽可能短，并且延长景区游览时间。打算于2025年8月10日出发，8月15日返回。希望住位置便利的高品质住宿，价格不超1200元每晚；行程安排鼓浪屿、南普陀寺、植物园等地标景点；吃饭推荐闽南菜与精致茶点，排队时间短；交通方式自由选择。",
        "code_path": "./code/id_12.py"
    },
    {
        "question_id": "13",
        "question": "我计划从洛阳出发前往贵阳进行三日两晚的文化之旅，预算5000元，希望游览高性价比的地方，从2025年5月25日出发，5月27日返回。希望入住评分4.6以上、价格低于600元每晚的经济型连锁酒店；打卡黔灵山公园、马鞍山公园、天河潭等风景名胜区；吃饭推荐贵州特色如肠旺面、酸汤鱼，人均控制在300元以内；交通方式以地铁和公交为主。",
        "code_path": "./code/id_13.py"
    },
    {
        "question_id": "14",
        "question": "我们一家四口计划从贵阳出发前往洛阳进行三天两晚亲子研学游，不限制预算，只为深入体验中原文化与自然风光，游览评分尽可能高的地方。打算于2025年6月10日出发，6月12日返回。希望住位置便利且含早餐的高品质住宿，价格不超1000元每晚；行程安排龙门石窟、白马寺、洛邑古城等地标景点；饮食方面偏爱地道河南菜与便捷茶点；交通方式灵活选择。",
        "code_path": "./code/id_14.py"
    },
    {
        "question_id": "15",
        "question": "我打算一个人从广州前往三亚进行三日两晚度假游，预算12000远，从2025年3月10日出发，3月12日返回。想找评分4.7以上、价格低于900元每晚的高品质住宿；打卡亚龙湾、蜈支洲岛、鹿回头等热门景点；吃饭推荐海南特色如海鲜大排档和椰子鸡火锅，人均消费不超200元；交通方式以公共交通为主。尽可能把预算花光。",
        "code_path": "./code/id_15.py"
    },
    {
        "question_id": "16",
        "question": "我们夫妻两人计划从北京前往三亚开启四天三晚海岛慢生活之旅，不限预算，只为体验极致海景与美食，增加游玩时间，减少排队和通勤时间。打算于2025年2月20日出发，2月23日返回。希望住含早餐的精品酒店，价格不超1800元每晚；行程安排南山、天涯海角、森林公园等代表性景点；吃饭推荐地道海南菜与精致下午茶；交通方式灵活安排。",
        "code_path": "./code/id_16.py"
    },
    {
        "question_id": "17",
        "question": "我计划从成都前往深圳进行五天四晚的旅行，从2025年10月5日出发，预算30000元，尽可能减少在通勤上的花销，从2025年10月5日出发，预算30000元，10月9日返回。想找评分4.5以上、价格低于800元每晚的酒店；打卡世界之窗、欢乐港湾摩天轮、深圳湾公园等地标景点；吃饭推荐地道粤菜和本地小吃如肠粉、早茶，人均控制在300元以内；交通方式以地铁公交为主。",
        "code_path": "./code/id_17.py"
    },
    {
        "question_id": "18",
        "question": "我们一家三口计划从深圳出发前往成都开启六日五晚亲子文化之旅，不限制预算，但是尽可能低开销，只为深度体验巴蜀文化与自然风光。计划于2025年11月1日出发，11月6日返回。希望住评分高的高品质住宿，价格不超1500元每晚；行程安排大熊猫繁育基地、锦里古街、东郊记忆等地标；饮食方面偏好川菜馆与快餐厅；交通方式自由灵活。",
        "code_path": "./code/id_18.py"
    },
    {
        "question_id": "19",
        "question": "我计划从广州前往北京进行五天四晚文化之旅，从2025年4月8日出发，4月12日返回，预算30000元，寻找一个高性价比的游览方案。想找评分4.7以上、价格低于850元每晚的高品质住宿；打卡故宫、颐和园、天坛等历史景点；饮食方面推荐地道京菜如烤鸭、炸酱面，人均消费控制在150元以内；交通方式以地铁公交为主。",
        "code_path": "./code/id_19.py"
    },
    {
        "question_id": "20",
        "question": "我们一家三口打算从北京出发前往广州开启六日五晚亲子游，不限制预算，只为体验岭南风情与都市魅力，只考虑评分高的游玩、饭店、住宿。计划于2025年10月20日出发，10月25日返回。希望住位置便利且的精品酒店，价格不超1300元每晚；行程安排文德楼、永庆坊、西关大屋等地标景点；交通方式自由选择。",
        "code_path": "./code/id_20.py"
    },
    {
        "question_id": "21",
        "question": "我计划从重庆前往南京进行三天两晚文化+自然之旅，从2025年7月10日出发，7月12日返回，预算30000元，尽可能花光预算。想找评分4.5以上、价格低于600元每晚的高品质住宿；打卡午朝门公园、中华门、美龄宫等热门景点；餐厅人均消费在200元以内；交通方式以地铁公交为主。",
        "code_path": "./code/id_21.py"
    },
    {
        "question_id": "22",
        "question": "我们一家三口打算从南京出发前往重庆开启四日三晚深度亲子游，2025年8月1日出发，2025年8月4日返回。不限制预算，选最昂贵的一个旅行方案，只为沉浸体验山城风貌与美食文化。行程安排洪崖洞夜景、长江索道、红岩纪念馆等地标景点；饮食方面偏好本地火锅与特色小吃。",
        "code_path": "./code/id_22.py"
    },
    {
        "question_id": "23",
        "question": "我计划从杭州前往苏州进行四天三晚文化+美食之旅，从2025年5月3日出发，5月6日返回，预算为30000元，我希望在预算内获得尽可能好的体验。想找评分4.7以上、价格低于600元每晚的高品质住宿；打卡双塔、木渎古镇、网师园等经典景点；饮食推荐地道江苏菜如松鼠桂鱼、狮子头，人均消费控制在200元以内；交通方式以地铁公交为主。",
        "code_path": "./code/id_23.py"
    },
    {
        "question_id": "24",
        "question": "我们一家三口打算从苏州出发前往杭州开启五日四晚亲子休闲游，不限预算，只为深度体验江南风韵与西湖美景，期望体验高评分的行程。计划于2025年6月12日出发，6月16日返回。希望住位置便利的精品酒店，价格不超1200元每晚；行程安排西湖、灵隐寺、九溪烟树等地标景点；饮食方面偏好快捷服务与特色小吃；交通方式灵活选择。",
        "code_path": "./code/id_24.py"
    },
    {
        "question_id": "25",
        "question": "我计划从苏州前往武汉进行四天三晚的文化+历史之旅，从2025年4月15日出发，4月19日返回，预算35000元，尽可能花光预算。想找评分4.7以上、价格低于1000元每晚的高品质住宿；打卡黄鹤楼、归元寺、长江大桥等标志性景点；饮食推荐地道湖北菜如武昌鱼、鮰鱼，人均消费控制在200元以内；交通方式以地铁公交为主。",
        "code_path": "./code/id_25.py"
    },
    {
        "question_id": "26",
        "question": "我们一家三口打算从武汉出发前往苏州开启六日五晚亲子游，不限制预算，只为体验江南园林与湖畔风情，我的目标是降低开销的同时有一个不错的体验。打算于2025年5月20日出发，5月25日返回。希望住位置优越的精品酒店，价格不超1300元每晚；行程安排拙旺山景区、石湖景区、古运河夜游等地标景点；饮食方面偏好快捷服务与苏帮小吃；交通方式自由选择。",
        "code_path": "./code/id_26.py"
    },
    {
        "question_id": "27",
        "question": "我计划从厦门出发去青岛进行四天三晚旅行，预算20000元，尽量节省预算，2025年7月15日出发，2025年7月18日回程。想找评分4.7以上的经济型连锁酒店，价格低于1200元每晚；打卡八大关、栈桥、五四广场等地标景点；吃饭推荐地道鲁菜和海鲜，人均消费控制在500元以内；出行方式以地铁公交为主。",
        "code_path": "./code/id_27.py"
    },
    {
        "question_id": "28",
        "question": "我们一家三口打算从青岛出发前往厦门开启七日六晚亲子游，不限制预算，尽可能延长游玩时间，减少通勤与排队时间。行程时间为2025年8月5日至8月11日。希望住位置优越的精品酒店，价格不超1500元每晚；行程安排鼓浪屿、南普陀寺、集美鳌园等地标景点；饮食方面偏好福建小吃；交通方式自由选择。",
        "code_path": "./code/id_28.py"
    },
    {
        "question_id": "29",
        "question": "我计划从洛阳前往贵阳进行三天两晚文化+自然之旅，希望体验高性价比的行程，从2025年6月20日出发，6月22日返回。想找评分4.7以上、价格低于700元每晚的高品质住宿；打卡黔灵山、白马寺、红枫湖等风景名胜；饮食推荐地道贵州小吃如铜锅牛肉、牛肉粉，人均消费控制在300元以内；交通方式以地铁公交为主。",
        "code_path": "./code/id_29.py"
    },
    {
        "question_id": "30",
        "question": "我们一家三口打算从贵阳出发前往洛阳开启六日五晚亲子休闲游，不限制预算，只为深度体验高品质的中原历史与山水人文之行。计划于2025年5月10日出发，5月15日返回。希望住位置优越的精品酒店，价格不超1200元每晚；行程安排龙门石窟、白马寺、洛邑古城等地标景点；饮食方面偏好快捷服务与河南特色小吃；交通方式灵活选择。",
        "code_path": "./code/id_30.py"
    },
    {
        "question_id": "31",
        "question": "我计划2025年2月10日从广州前往三亚开启一场三天两晚深度游，2月12日返回，预算40000元，希望获得高品质的体验并且开销不要太大。想找评分4.7以上、价格低于1300元每晚的高品质住宿；打卡亚龙湾、蜈支洲岛、南山等热门景点；吃饭推荐地道海南菜如文昌鸡、砂锅米线和鲜鱼汤，人均消费控制在400元以内；交通方式以地铁公交为主。",
        "code_path": "./code/id_31.py"
    },
    {
        "question_id": "32",
        "question": "我们一家三口打算从武汉前往三亚进行五天四晚亲子休闲游，不限制预算，只为体验滨海度假与热带风情，希望旅行品质尽可能高。打算于2025年3月20日出发，3月24日返回。希望住精品酒店，价格不超1500元每晚；行程安排大东海、蜈支洲岛、鹿回头等地标景点；饮食方面偏好快捷服务与本地特色小吃；交通方式自由选择。",
        "code_path": "./code/id_32.py"
    },
    {
        "question_id": "33",
        "question": "我计划从成都前往深圳进行五天四晚现代都市之旅，期望在低通勤时间的同时，有一个不错的旅行体验，从2025年9月10日出发，9月14日返回。想找评分4.8以上、价格低于1000元每晚的酒店；打卡世界之窗、华侨城、地王观光等标志性景点；吃饭推荐地道粤菜如烧鹅、手工包子和陈村粉，人均控制在320元以内；交通方式以地铁公交为主。",
        "code_path": "./code/id_33.py"
    },
    {
        "question_id": "34",
        "question": "我们一家三口计划从深圳出发前往成都开启六日五晚亲子文化之旅，不限制预算，只为深度体验巴蜀文化与自然风光，尽可能大地花天酒地。打算于2025年10月25日出发，10月30日返回。希望住评分高的高品质住宿，价格不超1500元每晚；行程安排大熊猫繁育基地、锦里古街、东郊记忆等地标景点；饮食方面偏好川菜馆与便捷服务；交通方式自由灵活。",
        "code_path": "./code/id_34.py"
    },
    {
        "question_id": "35",
        "question": "我计划从广州前往北京进行五天四晚文化之旅，从2025年4月15日出发，4月19日返回，预算25000元，期望有个高性价比的行程。想找评分4.7以上、价格低于850元每晚的高品质住宿；打卡故宫、颐和园、天坛等历史景点；饮食方面推荐地道京菜如烤鸭、炸酱面，人均消费控制在300元以内；交通方式以地铁公交为主。",
        "code_path": "./code/id_35.py"
    },
    {
        "question_id": "36",
        "question": "我们一家三口打算从北京出发前往广州开启六日五晚亲子游，不限制预算，只为体验岭南风情与都市魅力，但是开销尽可能低。计划于2025年11月5日出发，11月10日返回。希望住位置便利的精品酒店，价格不超1300元每晚；行程安排长隆野生动物世界、白云山、北京路步行街等地标景点；饮食方面偏好早茶与快餐厅；交通方式自由选择。",
        "code_path": "./code/id_36.py"
    },
    {
        "question_id": "37",
        "question": "我计划从重庆前往南京进行三天两晚文化+自然之旅，预算30000元，目标是尽量花光预算，从2025年6月15日出发，6月17日返回。想找评分4.5以上、价格低于600元每晚的高品质住宿；打卡中山陵、中山门、栖霞山等热门景点；饮食推荐地道川菜和小吃如盐水鸭，人均消费控制在200元以内；交通方式以地铁公交为主。",
        "code_path": "./code/id_37.py"
    },
    {
        "question_id": "38",
        "question": "我们一家三口打算从南京出发前往重庆开启四天三夜深度亲子游，不限预算，只为沉浸体验山城风貌与美食文化，目标是有一次高品质的旅行。打算于2025年7月25日出发，7月28日返回。希望住位置优越的精品酒店，价格不超1200元每晚；行程安排洪崖洞夜景、长江索道、红岩纪念馆等地标景点；饮食方面偏好本地火锅与茶艺馆；交通方式灵活选择。",
        "code_path": "./code/id_38.py"
    },
    {
        "question_id": "39",
        "question": "我计划从杭州前往苏州进行四天三晚文化+美食之旅，不限制预算，但是尽量降低开销，从2025年5月18日出发，5月21日返回。想找评分4.7以上、价格低于600元每晚的高品质住宿；打卡白马涧龙池、寒山寺、金鸡湖等经典景点；饮食推荐地道苏帮菜如松鼠桂鱼、响油鳝糊，人均消费控制在400元以内；交通方式以地铁公交为主。",
        "code_path": "./code/id_39.py"
    },
    {
        "question_id": "40",
        "question": "我准备从苏州市到青岛市三日两晚旅行，以高性价比为目标，总预算为10000元，两人同行，2025年6月5日出发。要求推荐三星级酒店或四星级酒店，价格低于800元每晚；推荐如崂山风景名胜区，游玩时间至少1小时，门票价格低于100元；推荐海鲜餐厅，排队时间小于30分钟；出行方式为全公共交通。",
        "code_path": "./code/id_40.py"
    },
    {
        "question_id": "41",
        "question": "我和朋友计划从深圳市到武汉市进行四天三晚旅行，总预算18000元，2025年3月15日出发，3月18日返回。我们希望能高效利用时间并合理控制开销。要求酒店评分4.7以上；景点安排黄鹤楼、东湖绿道，门票控制在600元内；餐厅推荐武昌鱼特色菜，人均消费不超200元；市内交通以地铁为主，优先选择高铁耗时最短的车次。",
        "code_path": "./code/id_41.py"
    },
    {
        "question_id": "42",
        "question": "一家三口从广州市到三亚市五天四晚亲子游，预算50000元，2025年8月5日出发，8月9日返回。期待用最少交通时间换来最多游玩体验。需要酒店评分4.6以上；景点安排蜈支洲岛、鹿回头；餐厅推荐文昌鸡，人均消费150元以内；市内交通自由选择。",
        "code_path": "./code/id_42.py"
    },
    {
        "question_id": "43",
        "question": "我独自从成都市前往青岛市四天三晚旅行，预算6000元，2025年6月20日出发，6月23日返回。追求性价比最大化。要求经济型连锁酒店评分4.5以上；打卡栈桥、八大关景点；餐厅推荐锅贴，人均消费400元内；交通以公交为主，市内景点间接驳时间控制在最短。",
        "code_path": "./code/id_43.py"
    },
    {
        "question_id": "44",
        "question": "夫妻两人从广州市到厦门市五天四晚度假，预算12000元，2025年9月10日出发，9月14日返回。要求酒店含早餐，评分4.8以上；景点安排鼓浪屿、南普陀寺；餐厅推荐沙茶面，人均消费180元内；市内交通自由，选择高铁班次运行时间最短的。",
        "code_path": "./code/id_44.py"
    },
    {
        "question_id": "45",
        "question": "我和同事从重庆市前往杭州市三天两晚商务旅行，预算6000元，2025年4月25日出发，4月27日返回。要求酒店评分4.6以上；景点安排西湖、灵隐寺；餐厅推荐东坡肉，人均消费300元内；交通以地铁为主，行程总交通时间最小化。",
        "code_path": "./code/id_45.py"
    },
    {
        "question_id": "46",
        "question": "一家四口从北京市到三亚市六天五晚亲子游，预算45000元，2025年7月12日出发，7月17日返回。要求酒店评分4.7以上；景点安排亚龙湾、天涯海角；餐厅推荐龙虾，人均消费200元内；交通自由安排，目标最大化景点停留时间并压缩用餐时长。",
        "code_path": "./code/id_46.py"
    },
    {
        "question_id": "47",
        "question": "我独自从武汉市到贵阳市四天三晚文化之旅，预算7000元，2025年5月18日出发，5月21日返回。要求酒店评分4.5以上；景点安排黔灵山公园、东山山体公园；餐厅推荐铜锅牛肉，人均消费400元内；交通以公交为主，计划将全部预算合理使用完毕。",
        "code_path": "./code/id_47.py"
    },
    {
        "question_id": "48",
        "question": "夫妻两人从厦门市到北京市五天四晚旅行，预算18000元，2025年10月8日出发，10月12日返回。要求精品酒店评分4.8以上；景点安排故宫、颐和园；餐厅推荐烤鸭，人均消费350元内；市内交通以地铁为主，优选列车运行时间最短的高铁班次。",
        "code_path": "./code/id_48.py"
    },
    {
        "question_id": "49",
        "question": "我和朋友从深圳市到洛阳市三天两晚历史之旅，预算5500元，2025年4月5日出发，4月7日返回。要求酒店评分4.6以上；景点安排龙门石窟、白马寺；餐厅推荐水席宴，人均消费150元内；交通以公交为主，行程整体交通耗时最少。",
        "code_path": "./code/id_49.py"
    },
    {
        "question_id": "50",
        "question": "一家三口从上海市到成都市五天四晚亲子游，预算30000元，2025年8月20日出发，8月24日返回。要求酒店含早餐，评分4.7以上；景点安排大熊猫基地、青羊宫；餐厅推荐串串香，人均消费200元内；交通自由选择，目标延长景点游玩时间同时缩短就餐等待。",
        "code_path": "./code/id_50.py"
    },
    {
        "question_id": "51",
        "question": "我独自从广州市到苏州市四天三晚园林之旅，预算7000元，2025年6月8日出发，6月11日返回。要求酒店评分4.6以上；景点安排天平山、平江路；餐厅推荐松鼠桂鱼，人均消费400元内；市内交通以公交为主，计划将预算充分用于提升体验品质。",
        "code_path": "./code/id_51.py"
    },
    {
        "question_id": "52",
        "question": "夫妻两人从重庆市到厦门市六天五晚度假，预算15000元，2025年9月15日出发，9月20日返回。要求民宿评分4.7以上；景点安排狐尾山、五老峰；餐厅推荐焗海鲜，人均消费180元内；交通自由安排，最小化市内景点间通勤时间。",
        "code_path": "./code/id_52.py"
    },
    {
        "question_id": "53",
        "question": "我和同事从南京市到深圳市三天两晚商务行，预算20000元，2025年3月22日出发，3月24日返回。要求酒店评分4.8以上；景点安排世界之窗；餐厅推荐烧鹅，人均消费300元内；交通以地铁为主，选择两地间运行最快的高铁车次。",
        "code_path": "./code/id_53.py"
    },
    {
        "question_id": "54",
        "question": "一家四口从武汉市到三亚市五天四晚亲子游，预算50000元，2025年7月28日出发，8月1日返回。要求酒店评分4.7以上；景点安排千古情景区、红色娘子军；餐厅推荐文昌鸡，人均消费200元内；交通自由安排，最小化行程总交通耗时。",
        "code_path": "./code/id_54.py"
    },
    {
        "question_id": "55",
        "question": "我独自从厦门市到贵阳市四天三晚自然之旅，预算9000元，2025年5月22日出发，5月25日返回。要求酒店评分4.5以上；景点安排贵御温泉、天鹅湖景区；餐厅推荐牛肉粉，人均消费400元内；交通以公交为主，优化方案延长景点停留并减少用餐时间。",
        "code_path": "./code/id_55.py"
    },
    {
        "question_id": "56",
        "question": "夫妻两人从北京市到杭州市五天四晚文化之旅，预算16000元，2025年10月18日出发，10月22日返回。要求酒店评分4.8以上；景点安排雷峰塔、宋城；餐厅推荐龙井虾仁，人均消费280元内；市内交通以公交为主，计划将预算全部合理使用。",
        "code_path": "./code/id_56.py"
    },
    {
        "question_id": "57",
        "question": "我和朋友从深圳市到青岛市三天两晚海滨行，预算10000元，2025年4月12日出发，4月14日返回。要求酒店评分4.6以上；景点安排崂山、五四广场；餐厅推荐戳子肉，人均消费220元内；交通以公交为主，市内移动时间控制在最短。",
        "code_path": "./code/id_57.py"
    },
    {
        "question_id": "58",
        "question": "一家三口从上海市到重庆市三天两晚亲子游，预算19000元，2025年8月25日出发，8月27日返回。要求酒店评分4.7以上；景点安排洪崖洞、人民解放纪念碑；餐厅推荐老火锅，人均消费200元内；交通自由选择，优先高铁运行时间最短的车次。",
        "code_path": "./code/id_58.py"
    },
    {
        "question_id": "59",
        "question": "我独自从成都市到苏州市四天三晚园林之旅，预算6800元，2025年6月15日出发，6月18日返回。要求精品客栈评分4.6以上；景点安排唐寅园、石湖；餐厅推荐清炒虾仁，人均消费400元内；交通以公交为主，行程总交通耗时最少化。",
        "code_path": "./code/id_59.py"
    },
    {
        "question_id": "60",
        "question": "夫妻两人从广州市到洛阳市三天两晚历史之旅，预算11000元，2025年9月22日出发，9月24日返回。要求酒店评分4.7以上；景点安排龙门石窟、洛邑古城；餐厅推荐牡丹燕菜，人均消费160元内；交通自由安排，目标增加景点时长同时减少就餐等待。",
        "code_path": "./code/id_60.py"
    },
    {
        "question_id": "61",
        "question": "我和同事从南京市到厦门市三天两晚商务行，预算6200元，2025年3月28日出发，3月30日返回。要求酒店评分4.8以上；景点安排鼓浪屿；餐厅推荐海蛎煎，人均消费260元内；交通以公交为主，计划将预算全部合理使用完毕。",
        "code_path": "./code/id_61.py"
    },
    {
        "question_id": "62",
        "question": "一家四口从武汉市到深圳市五天四晚亲子游，预算23000元，2025年8月1日出发，8月5日返回。要求酒店含早餐,评分4.7以上；景点安排世界之窗、华侨城；餐厅推荐陈村粉，人均消费190元内；交通自由选择，市内景点间通勤时间最短化。",
        "code_path": "./code/id_62.py"
    },
    {
        "question_id": "63",
        "question": "我独自从厦门市到北京市四天三晚文化之旅，预算7500元，2025年5月28日出发，5月31日返回。要求特色民宿评分4.6以上；景点安排天坛、南锣鼓巷；餐厅推荐炸酱面，人均消费300元内；交通以公共交通为主。希望花尽量少的钱体验得到更高评分的体验。",
        "code_path": "./code/id_63.py"
    },
    {
        "question_id": "64",
        "question": "夫妻两人从广州市到三亚市六天五晚度假，预算23000元，2025年10月5日出发，10月10日返回。要求酒店评分4.8以上；景点安排大东海、崖州故城；餐厅推荐焗海鲜，人均消费350元内；交通自由安排，整体行程交通耗时最少。",
        "code_path": "./code/id_64.py"
    },
    {
        "question_id": "65",
        "question": "我和朋友从深圳市到贵阳市三天两晚自然之旅，预算8000元，2025年4月18日出发，4月20日返回。要求酒店评分4.5以上；景点安排东山公园、贵州乡愁；餐厅推荐铜锅牛肉，人均消费140元内；交通以公交为主，优化方案增加游玩时长压缩就餐时间。",
        "code_path": "./code/id_65.py"
    },
    {
        "question_id": "66",
        "question": "一家三口从上海市到武汉市五天四晚亲子游，预算34000元，2025年8月30日出发，9月3日返回。要求酒店评分4.7以上；景点安排黄鹤楼、起义门；餐厅推荐鮰鱼，人均消费80元内；交通自由选择，计划将预算全部合理使用。",
        "code_path": "./code/id_66.py"
    },
    {
        "question_id": "67",
        "question": "我独自从武汉市到三亚市四天三晚度假，预算12000元，2025年6月22日出发，6月25日返回。要求酒店评分4.6以上；景点安排凤凰岭、热带天堂森林公园；餐厅推荐东山羊，人均消费400元内；交通以公交为主，市内移动耗时控制在最短，同时评分尽可能高。",
        "code_path": "./code/id_67.py"
    },
    {
        "question_id": "68",
        "question": "夫妻两人从杭州市到北京市五天四晚历史文化游，预算13000元，2025年7月1日出发，7月5日返回。希望主题酒店含早餐服务，评分4.7以上；景点安排故宫、颐和园；餐厅推荐北京烤鸭，人均消费160元内；交通以公交为主，整体优化减少就餐排队时间。",
        "code_path": "./code/id_68.py"
    },
    {
        "question_id": "69",
        "question": "我和同事从南京市到成都市三天两晚商务行，预算6700元，2025年4月2日出发，4月4日返回。要求酒店评分4.8以上；景点安排锦里；餐厅推荐老妈蹄花，人均消费150元内；行程总交通时间最小化。",
        "code_path": "./code/id_69.py"
    },
    {
        "question_id": "70",
        "question": "一家四口从武汉市到厦门市六天五晚亲子游，预算24000元，2025年8月8日出发，8月13日返回。要求酒店评分4.7以上；景点安排狐尾山、五老峰；餐厅推荐胡椒猪肚鸡，人均消费120元内；交通自由选择，目标最大化景点时间并最小化用餐时长。",
        "code_path": "./code/id_70.py"
    },
    {
        "question_id": "71",
        "question": "我独自从贵阳市到洛阳市四天三晚历史之旅，预算22000元，2025年5月15日出发，5月18日返回。要求精品酒店评分4.6以上；景点安排白马寺、安喜门；餐厅推荐牛肉汤，人均消费200元内；交通以公交为主，计划将预算充分用于文化体验项目。",
        "code_path": "./code/id_71.py"
    },
    {
        "question_id": "72",
        "question": "夫妻两人从重庆市到杭州市五天四晚文化之旅，预算13500元，2025年10月15日出发，10月19日返回。要求民宿评分4.8以上；景点安排拱宸桥、华家池；餐厅推荐叫化鸡，人均消费300元内.市内移动时间压缩至最短。",
        "code_path": "./code/id_72.py"
    },
    {
        "question_id": "73",
        "question": "我和朋友从深圳市到苏州市三天两晚园林行，预算13000元，2025年4月22日出发，4月24日返回。要求特色客栈评分4.6以上；景点安排狮子林、网师园；餐厅推荐松鼠桂鱼，人均消费230元内。尽可能在短的交通时间里游玩高评分的地方。",
        "code_path": "./code/id_73.py"
    },
    {
        "question_id": "74",
        "question": "一家三口从上海市到青岛市五天四晚亲子游，预算25000元，2025年9月5日出发，9月9日返回。要求酒店评分4.7以上；景点安排金沙滩、极地海洋世界；餐厅推荐原壳鲍鱼，人均消费240元内；交通自由选择，延长景点游玩时间，减少用餐和交通时间。",
        "code_path": "./code/id_74.py"
    },
    {
        "question_id": "75",
        "question": "我独自从成都市到厦门市四天三晚海滨度假，预算7200元，2025年7月8日出发，7月11日返回。要求特色民宿评分4.7以上；景点安排菽庄花园、天竺山；餐厅推荐海蛎煎，人均消费180元内；市内交通以轮渡为主，优化方案延长景点停留时间。",
        "code_path": "./code/id_75.py"
    },
    {
        "question_id": "76",
        "question": "一家四口从北京市到南京市五天四晚历史文化之旅，预算16500元，2025年3月15日出发，3月19日返回。要求豪华酒店评分4.8以上且房间价格低于800元；景点安排中山陵、古林公园；餐厅推荐盐水鸭，人均消费190元内；整体行程优化成本以降低花销。",
        "code_path": "./code/id_76.py"
    },
    {
        "question_id": "77",
        "question": "我和同事从广州市到武汉市三天两晚商务行，预算6800元，2025年5月5日出发，5月7日返回。要求酒店含会议室评分4.7以上；景点安排长江大桥；餐厅推荐武昌鱼，人均消费250元内；交通以公交为主，开销尽可能低。",
        "code_path": "./code/id_77.py"
    },
    {
        "question_id": "78",
        "question": "一家四口从杭州市到贵阳市五天四晚自然之旅，预算38000元，2025年8月15日出发，8月19日返回。要求酒店评分4.6以上；景点安排小湾河、东山山体公园；餐厅推荐酸汤鱼，人均消费150元内；交通自由选择，目标最大化游玩时间占比。",
        "code_path": "./code/id_78.py"
    },
    {
        "question_id": "79",
        "question": "我独自从青岛市到成都市四天三晚美食之旅，预算50000元，2025年6月18日出发，6月20日返回。要求客栈评分4.5以上；景点安排锦里、大慈寺；餐厅推荐麻辣火锅，人均消费200元内；交通以公交为主，计划将预算全部用于特色体验。",
        "code_path": "./code/id_79.py"
    },
    {
        "question_id": "80",
        "question": "夫妻两人从北京市到三亚市六天五晚度假，预算27000元，2025年10月12日出发，10月17日返回。要求套房含早餐评分4.8以上；景点安排亚龙湾、大小洞天；餐厅推荐文昌鸡，人均消费300元内；交通自由安排，市内景点间通勤时间最短化。",
        "code_path": "./code/id_80.py"
    },
    {
        "question_id": "81",
        "question": "我和朋友从重庆市到北京市四天三晚文化之旅，预算13000元，2025年4月15日出发，4月17日返回。要求民宿评分4.6以上；景点安排故宫、天坛；餐厅推荐炸酱面，人均消费180元内；交通以公交为主，选择性价比最高的方案。",
        "code_path": "./code/id_81.py"
    },
    {
        "question_id": "82",
        "question": "一家三口从武汉市到广州市五天四晚亲子游，预算21000元，2025年7月25日出发，7月29日返回。要求酒店含早餐评分4.7以上；景点安排广州塔、沙面岛；餐厅推荐早茶，人均消费120元内；交通自由选择，行程总交通耗时最小化。",
        "code_path": "./code/id_82.py"
    },
    {
        "question_id": "83",
        "question": "我独自从深圳市到苏州市四天三晚园林之旅，预算7800元，2025年9月18日出发，9月21日返回。要求精品酒店评分4.6以上；景点安排虎丘山、留园；餐厅推荐松鼠桂鱼，人均消费350元内；交通以公交为主，市内移动时间压缩至最短。",
        "code_path": "./code/id_83.py"
    },
    {
        "question_id": "84",
        "question": "夫妻两人从成都市到厦门市五天四晚浪漫之旅，预算14500元，2025年11月5日出发，11月9日返回。要求民宿评分4.8以上；景点安排玩月坡、狐尾山公园；餐厅推荐蚝仔烙，人均消费200元内；交通自由安排，选择性价比最高的方案。",
        "code_path": "./code/id_84.py"
    },
    {
        "question_id": "85",
        "question": "我和同事从上海市到贵阳市三天两晚商务行，预算12000元，2025年5月28日出发，5月30日返回。要求酒店评分4.6以上；景点安排百花湖；餐厅推荐铜锅牛肉，人均消费140元内；交通以公交为主，尽可能花光所有预算。",
        "code_path": "./code/id_85.py"
    },
    {
        "question_id": "86",
        "question": "一家三口从深圳市到洛阳市五天四晚历史研学，预算22000元，2025年8月22日出发，8月26日返回。要求酒店评分4.7以上；景点安排龙门石窟、倒盏民俗村；餐厅推荐水席宴，人均消费160元内；交通自由选择，目标延长景点参观时间，减少排队时间。",
        "code_path": "./code/id_86.py"
    },
    {
        "question_id": "87",
        "question": "我独自从武汉市到三亚市四天三晚海滨度假，预算9200元，2025年6月25日出发，6月28日返回。要求酒店评分4.6以上；景点安排千古情、玫瑰谷；餐厅推荐海鲜烧烤，人均消费350元内；交通以公交为主，计划将预算充分用于特色项目。",
        "code_path": "./code/id_87.py"
    },
    {
        "question_id": "88",
        "question": "夫妻两人从广州市到重庆市三天两晚美食探索，预算13200元，2025年10月8日出发，10月10日返回。要求酒店评分4.7以上；景点安排洪崖洞、解放碑；餐厅推荐九宫格火锅，人均消费250元内；交通自由安排，市内景点间移动时间最短化。",
        "code_path": "./code/id_88.py"
    },
    {
        "question_id": "89",
        "question": "我和朋友从杭州市到北京市进行四天三晚文化之旅，预算8800元，2025年4月8日出发，4月11日返回。要求精品酒店评分4.7以上；景点安排灵隐寺、宋城；餐厅推荐龙井虾仁，人均消费300元内；交通以公交为主，选择性价比最高的方案。",
        "code_path": "./code/id_89.py"
    },
    {
        "question_id": "90",
        "question": "一家三口从厦门市到成都市五天四晚亲子游，预算25000元，2025年7月15日出发，7月19日返回。要求酒店评分4.6以上；景点安排文殊院、锦里；餐厅推荐串串，人均消费110元内；交通自由选择。期望能去高评分的景点。",
        "code_path": "./code/id_90.py"
    },
    {
        "question_id": "91",
        "question": "我独自从武汉市到青岛市四天三晚海滨行，预算12000元，2025年9月5日出发，9月8日返回。要求酒店评分4.5以上；景点安排栈桥、崂山；餐厅推荐锅贴，人均消费400元内；交通以公交为主，尽可能花完预算。",
        "code_path": "./code/id_91.py"
    },
    {
        "question_id": "92",
        "question": "夫妻两人从重庆市到苏州市五天四晚园林之旅，预算14200元，2025年11月15日出发，11月19日返回。要求酒店评分4.8以上；景点安排留园、沧浪亭；餐厅推荐江苏菜，人均消费290元内；交通自由安排，尽可能减少开销。",
        "code_path": "./code/id_92.py"
    },
    {
        "question_id": "93",
        "question": "我和同事从上海市到深圳市三天两晚商务行，预算7100元，2025年5月10日出发，5月12日返回。要求酒店评分4.7以上；景点安排世界之窗；餐厅推荐粿条，人均消费320元内；交通以公交为主，希望在高评分的同时降低开销。",
        "code_path": "./code/id_93.py"
    },
    {
        "question_id": "94",
        "question": "一家四口从广州市到三亚市六天五晚亲子度假，预算47000元，2025年8月18日出发，8月23日返回。要求酒店含全餐评分4.8以上；景点安排大小洞天、红色娘子军景区；餐厅推荐海南鸡饭，人均消费220元内；交通自由选择，目标最大化游玩时间。",
        "code_path": "./code/id_94.py"
    },
    {
        "question_id": "95",
        "question": "我们一家四口计划从成都前往上海进行为期五天四晚的亲子旅行，不设定固定的预算，主要是想让孩子们体验大都市的魅力。预定于2025年7月1日出发，7月6日返回。住宿方面希望选择评分4.7以上的酒店，最好是含早餐服务的；景点方面安排参观东方明珠广播电视塔和外滩，门票尽量控制在较低水平；餐饮方面推荐品尝上海本帮菜如绿波廊酒楼的八宝辣酱和小笼包，人均消费控制在300元以内；出行方式尽量采用公共交通工具，计划将花销控制到最低。",
        "code_path": "./code/id_95.py"
    },
    {
        "question_id": "96",
        "question": "我和朋友打算从杭州前往北京玩五天四晚，预算33000元，从2025年8月10日出发，8月14日返回。想找评分4.6以上、价格低于1200元每晚的酒店；想去故宫、颐和园这些著名景点，门票总价控制在1000元以内；吃饭推荐地道京菜如烤鸭、炸酱面，人均消费不超过300元；交通方式以地铁为主，目标是尽可能节省交通时间。",
        "code_path": "./code/id_96.py"
    },
    {
        "question_id": "97",
        "question": "一家三口计划从广州前往成都游玩四天三晚，不限制预算，主要是体验川菜美食和四川文化。定于2025年9月20日出发，9月23日返回。希望入住高品质酒店，评分要求4.7以上；景点包括棠湖公园、锦里；吃饭推荐火锅、串串等特色菜；出行方式自由选择，重点在于最大化游玩时间和减少餐食等待。",
        "code_path": "./code/id_97.py"
    },
    {
        "question_id": "98",
        "question": "我独自从南京前往厦门进行三天两晚的海滨度假，预算5000元，2025年10月5日出发，10月7日返回。想找评分4.5以上、价格低于800元每晚的经济型连锁酒店；打卡鼓浪屿、梦幻海岸等热门景点；吃饭推荐海蛎煎等地道闽南菜，人均消费不超过200元；出行方式以公交地铁为主，优化方案以延长景点停留时间并压缩就餐时间。",
        "code_path": "./code/id_98.py"
    },
    {
        "question_id": "99",
        "question": "夫妻两人准备从武汉前往青岛进行五天四晚的休闲之旅，预算34000元，想尽可能花完预算，从2025年7月15日出发，7月19日返回。想找位置便利、评分4.7以上的优质住宿，最好含早餐；景点包括栈桥、五四广场；餐厅推荐牛肉砂锅、海鲜大排档，人均消费不超过300元；交通方式尽量依靠公交和地铁，主要目的为确保旅途中的舒适度与便捷性。",
        "code_path": "./code/id_99.py"
    },
    {
        "question_id": "100",
        "question": "我和朋友计划从深圳前往广州进行四天三晚的文化历史游，预算8000元，2025年5月20日出发，5月23日返回。想找评分4.6以上的连锁酒店，价格控制在1000元以内；打卡珠江夜游、大元帅府等历史文化景点；餐饮推荐早茶，人均消费不超过150元；交通方式以公交为主，希望把成本降到最低。",
        "code_path": "./code/id_100.py"
    },
    {
        "question_id": "101",
        "question": "我们一家四口计划从青岛市出发前往北京市进行为期3天的旅行，期待一个高性价比的方案，时间为2025年4月1日至4月3日，总预算为20000元。我们希望住在每晚每间房的花费不超过300元，且评分不低于4.3。我们计划游玩翰林院遗址，并且希望能在旅行期间品尝到北京烤鸭。",
        "code_path": "./code/id_101.py"
    },
    {
        "question_id": "102",
        "question": "两个朋友打算从广州市出发去上海市旅游，总共游玩6天，旅行日期是2025年6月10日至6月15日，预算为40000元。他们希望住在一个四星级以上的宾馆，并且对景点没有特别要求，但希望能有美食体验，特别是上海本帮菜，并且在不降低高质量体验的同时降低开销。",
        "code_path": "./code/id_102.py"
    },
    {
        "question_id": "103",
        "question": "一对夫妇从上海市出发前往南京市游玩4天，时间安排在2025年8月1日到8月4日，总预算是60000元，尽可能游览高评分的景点、食宿。他们想住在五星级宾馆，享受自助早餐和下午茶服务，并计划参观美龄宫，同时希望能吃到南京特色小吃如盐水鸭。",
        "code_path": "./code/id_103.py"
    },
    {
        "question_id": "104",
        "question": "一个三人的团队打算从重庆市出发到武汉市度假5天，从2025年9月15日开始，预算为22000元，尽可能减少开销。他们倾向于选择经济型连锁酒店，且评分至少为4.4。他们想要去看武汉防汛纪念碑并尝试当地的天麻黄芪烧长寿鱼。",
        "code_path": "./code/id_104.py"
    },
    {
        "question_id": "105",
        "question": "五个好友准备从成都市前往洛阳市玩7天，出行日期为2025年10月1日至10月7日，整个旅程预算上限为70000元，希望有个高性价比的旅程。他们的住宿需求是需要包含双人餐和下午茶服务的五星级酒店，计划游览龙门石窟，并且还希望能够享用到四川火锅。",
        "code_path": "./code/id_105.py"
    },
    {
        "question_id": "106",
        "question": "我和我的姐妹两人将从苏州市出发前往深圳市游玩3天，定于2025年11月20日至11月22日，预算设定为7000元。我们会优先考虑那些提供沙姜猪手作为推荐菜品的餐馆用餐，并且居住的地方最好靠近海边。尽量延长游玩时间，减少通勤和排队时间。",
        "code_path": "./code/id_106.py"
    },
    {
        "question_id": "107",
        "question": "三人小组决定由南京市前往杭州市进行一次为期5天的文化之旅，具体日期是从2025年5月1日到5月5日，总消费预计不会超过40000元，尽量花光预算。他们非常看重住宿品质，所以只接受评分为4.8以上的酒店；关于饮食方面，则偏爱杭州本地风味的小吃如片儿川。",
        "code_path": "./code/id_107.py"
    },
    {
        "question_id": "108",
        "question": "四位同事计划利用假期从武汉市前往北京市休闲放松，预计停留时间为2025年7月15日至7月17日共3天，大家共同筹集了大约12000元作为此次活动基金，尽量节约预算。他们期望所选住处能够提供丰富的自助式餐饮服务，同时也期待有机会品尝到正宗的老北京炸酱面。",
        "code_path": "./code/id_108.py"
    },
    {
        "question_id": "109",
        "question": "情侣二人将在2025年情人节当天即2月14日从青岛市飞往成都市度过浪漫周末直到2月16日结束，为此他们愿意投入大概9000元左右的资金支持这次短途旅行，希望这次能在体验尽可能好的基础上节约资金。他们特别指定了想要预订带有私密性较强的套房类型的四星级以上的酒店，并希望能够找到专门经营川菜系列菜肴的餐厅来庆祝这一特殊时刻。",
        "code_path": "./code/id_109.py"
    },
    {
        "question_id": "110",
        "question": "一位独自旅行者将于2025年元旦假期即1月1日至1月3日期间从上海市前往广州市探索新地方，其手头可支配现金约为3000元人民币左右。此人表示对于住宿条件没有太多要求，只要干净整洁即可，但对于目的地内的公共交通便利程度较为关心，希望尽量降低开销。",
        "code_path": "./code/id_110.py"
    },
    {
        "question_id": "111",
        "question": "我们一家三口计划从广州市出发前往杭州市进行为期4天的旅行，时间为2025年3月15日至3月18日，总预算为20000元，目标是有一个性价比高的行程。希望住在提供早餐的酒店。打算参观思澄堂，并尝试当地有名的东坡肉。",
        "code_path": "./code/id_111.py"
    },
    {
        "question_id": "112",
        "question": "两位朋友准备从北京市出发去成都市游玩6天，从2025年5月20日开始至5月25日结束，整个旅程预算为30000元。他们对住宿有一定的要求，比如至少四星级标准并且需要有健身设施；关于景点则没有什么特别偏好，但希望能品尝到正宗四川火锅以及串串香。希望能尽量延长游玩时间，减少通勤和排队时间。",
        "code_path": "./code/id_112.py"
    },
    {
        "question_id": "113",
        "question": "一对夫妇打算从广州市出发前往杭州市游览5天，日期安排在2025年7月1日至7月5日之间，预计总花费不会超过30000元，他们想尽量游览高评分的景点。他们的理想住处是连锁式酒店，同时非常期待能够亲身体验西湖的魅力所在。",
        "code_path": "./code/id_113.py"
    },
    {
        "question_id": "114",
        "question": "一个由四人组成的团队计划从深圳市前往南京市享受为期3天的文化之旅（2025年9月10日至9月12日），为此大家共同筹集了大约12000元作为活动经费。对于住宿条件没有过高追求，只要求干净舒适即可，但对于餐饮方面却十分讲究，希望能够找到中式素菜馆用餐。希望尽可能利用好所有预算。",
        "code_path": "./code/id_114.py"
    },
    {
        "question_id": "115",
        "question": "五个大学生决定利用暑假时间从杭州市出发前往重庆市探险3天，具体行程是从2025年8月1日持续到8月3日，总共大约为24000元左右，希望有个高性价比的旅行方案。他们倾向于选择性价比高的宾馆居住，并且已经列出了必去清单其中包括洪崖洞等著名地标性建筑。",
        "code_path": "./code/id_115.py"
    },
    {
        "question_id": "116",
        "question": "我和我的闺蜜两人将于2025年5月1日至5月3日这段时间内从武汉市前往青岛市放松身心，为此特地准备了8000元专门用于此次海滨城市之行，目标是游览高评分的景点与食宿。我们希望能够预定到房间，同时也想尝试点新鲜海鲜大餐。",
        "code_path": "./code/id_116.py"
    },
    {
        "question_id": "117",
        "question": "三人小组即将从成都市出发前往广州市展开一场为期5天的城市探索之旅，定于2025年11月15日至11月19日举行，整体预算控制在30000元以内，希望能游览长时间的景点，并且减少通勤时间。他们表示更喜欢住在交通便利的精品设计酒店里，而食物选择上也更偏爱精致小巧的日本料理。",
        "code_path": "./code/id_117.py"
    },
    {
        "question_id": "118",
        "question": "四位同事商量好一起从南京市前往广州市度过愉快的周末时光（2025年6月20日至6月22日），共积累了大概12000元的资金以供开销使用，准备进行一个高性价比的旅行。大家都一致同意优先考虑那些具备良好口碑评价且价格适中的连锁快捷酒店入住，并打算找机会品尝一下广东早茶文化。",
        "code_path": "./code/id_118.py"
    },
    {
        "question_id": "119",
        "question": "情侣二人将在2025年12月24日至12月26日期间从北京市飞往三亚市庆祝节日，为此预留出了约莫10000元人民币左右的专项基金。他们明确表达了想要预订一间豪华套房，还希望能够预定到一家擅长制作海南鸡饭的餐厅享用浪漫晚餐。他们希望尽量减少开销。",
        "code_path": "./code/id_119.py"
    },
    {
        "question_id": "120",
        "question": "一位独自旅行者有意在2025年4月4日至4月6日由上海市前往厦门市寻找灵感，其手头可支配金额约为4000元人民币上下，想要一个高性价比的旅行。他表示自己对住宿环境比较随意，只要安静整洁就行；然而对于当地公共交通系统表现出浓厚兴趣。",
        "code_path": "./code/id_120.py"
    }
]